space,ari,nmi,ami,silhouette,davies_bouldin,calinski_harabasz,n_clusters,n_noise
embedding_2d,0.4143655635660976,0.5824002570685022,0.5803027467638538,0.7784931659698486,0.2558681912175853,33408.87109375,4,0
full_attribution,0.34460412311765926,0.5140967291048347,0.5109407695605267,0.5234985455550925,0.6625309688728023,2539.7535856669224,4,196
