space,ari,nmi,ami,silhouette,davies_bouldin,calinski_harabasz,n_clusters,n_noise
embedding_2d,0.32752030371759533,0.5363267460793724,0.5345443178464877,0.8323273062705994,0.250527467998525,12668.712890625,2,51
full_attribution,0.0,0.0,0.0,,,,0,1000
