space,ari,nmi,ami,silhouette,davies_bouldin,calinski_harabasz,n_clusters,n_noise
embedding_2d,0.4143655635660976,0.5824002570685023,0.580302746763854,0.7784931659698486,0.2558681912175853,33408.87109375,4,0
full_attribution,0.2560595801472979,0.42087499329523675,0.41867573531418784,0.6895411069330251,0.42977162009269415,3591.0687932954083,2,83
