space,ari,nmi,ami,silhouette,davies_bouldin,calinski_harabasz,n_clusters,n_noise
embedding_2d,0.336988028229963,0.5267751784901472,0.5243011760100542,0.5441024899482727,0.549665271279143,1036.4530029296875,3,74
full_attribution,0.11928579944832998,0.288980744830478,0.28521692060821735,0.6581101371256379,0.5053499990898894,1253.4876680448801,3,601
